Property_ID,Circulation_Pump_Energy_Consumed,Heat_Pump_Energy_Output,Whole_System_Energy_Consumed,HP_Consumption,Immersion_Heater_Energy_Consumed,Boiler_Energy_Output,Back-up_Heater_Energy_Consumed
EOH1328,23.1806,5805.675266666668,2300.3998666666666,2277.219266666666,,,
EOH1472,0.0,4966.220999999999,2096.841600000001,2039.8826000000008,56.95899999999999,,
EOH2609,130.62399999999997,8780.966999999999,2848.1860000000006,2632.135000000001,85.42699999999999,,
EOH0963,150.75513333333336,9249.456600000001,3209.4022,3035.591066666667,23.056000000000004,,
EOH0234,48.91699999999999,3198.8879999999995,1288.6706666666666,1239.753666666667,0.0,,
EOH0546,18.607,5185.351533333333,2304.6685999999995,2265.8795999999998,20.182000000000002,,
EOH1664,56.96366666666667,691.5679999999996,312.7904666666667,255.82680000000005,,2305.0358666666666,
EOH2386,74.57466666666667,6266.384533333336,2369.982399999998,2271.6077333333324,23.80000000000001,,
EOH0432,38.71986666666667,6310.586799999999,2441.130000000001,2402.410133333334,,,
EOH1062,14.969999999999999,3926.732,1174.0903333333333,1127.3173333333334,31.80299999999999,,
EOH3107,16.649000000000015,8832.731000000003,2946.685066666668,2890.600066666665,39.43599999999998,,
EOH0618,125.2086,5922.060866666667,2301.749533333334,2113.0859333333337,63.45500000000003,,
EOH2769,11.696266666666665,5097.116133333335,2006.8698666666673,1995.1736000000003,,,
EOH1512,54.001042857142856,1482.5992666666666,755.4911095238097,701.4832205128204,,1789.2263333333337,
EOH1249,21.036600000000007,3182.260666666667,1163.5297999999998,1123.3262,19.167,,
EOH1711,34.035000000000004,4544.350999999999,1143.4216666666666,1109.3866666666659,,,
EOH1705,17.3516,4809.632,1460.0574666666666,1419.1578666666667,23.54799999999999,,
EOH0341,70.06360000000001,2139.398000000003,2569.7854666666663,2499.6888666666664,0.03300000000002967,,
EOH1103,0.0,4919.258,1529.8702000000005,1499.5292000000006,30.341,,
EOH1671,51.52013333333333,1764.1719999999998,632.8226666666668,558.8225333333335,22.48,,
EOH2436,46.30233333333334,7943.950666666666,2360.8805333333335,2314.5782,,,
EOH2422,0.0,8404.820000000002,2771.0690666666665,2761.0760666666665,9.993000000000002,,
EOH1498,79.09266666666669,1910.349533333334,785.5424666666668,706.4498000000003,,1910.349533333334,
EOH0745,0.0,6323.193999999998,2136.373066666667,2136.373066666667,0.0,,
EOH0021,270.56713333333335,4159.142533333334,1534.6245333333336,1261.2934000000005,2.7640000000000002,,
EOH3138,0.0,3385.352,1356.8194000000003,1043.6467333333335,313.1726666666667,,
EOH2232,6.100999999999999,6577.939,2652.570133333333,2646.469133333334,,,
EOH0380,29.228,7681.441733333335,2889.3904,2860.1624,,,
EOH2024,0.0,6400.243000000004,2230.9160666666667,2230.9160666666667,,,
EOH2025,50.79866666666666,3122.9338666666663,1081.2399333333333,1011.6732666666667,18.768,,
EOH1935,0.0,546.1160000000002,336.8223333333335,336.8223333333335,,3037.112000000001,
EOH1712,80.9948,2764.5909999999976,1138.6188666666667,1057.6240666666663,,6385.2558666666655,
EOH1048,37.539,6340.889999999999,2231.882333333333,2194.3433333333332,,,
EOH1699,71.33,1155.0477333333329,624.2042666666664,552.8742666666665,,3275.1136666666657,
EOH1114,127.92173333333332,6074.016733333334,1805.8230666666664,1677.9013333333332,,,
EOH0578,60.72233333333334,2001.5120000000004,798.5024857142857,737.7801523809522,,2625.247066666667,
EOH1666,70.58253333333332,6772.077866666668,2337.8464666666664,2267.2639333333336,,,
EOH0236,0.0,1743.5192666666662,962.6774666666665,962.6774666666665,,1740.3342666666665,
EOH0222,21.115000000000002,3756.813,1218.907533333333,1197.7925333333333,,,
EOH2192,0.0,6792.080599999999,2620.632733333333,2620.6327333333325,0.0,,
EOH2179,148.3812666666667,10371.293133333334,3755.5223333333333,3398.5638,208.5772666666667,,
EOH1302,72.311,5596.714133333335,1970.4829333333337,1856.3029333333338,41.869,,
EOH2637,62.17399999999999,1634.6546666666673,625.0344666666667,562.8604666666669,,3174.637933333333,
EOH1306,58.935733333333324,4892.120866666666,1882.5793333333331,1801.6999333333329,21.943666666666672,,
EOH0018,61.89126666666667,4381.280200000001,1110.3660666666667,1048.4748,,2436.8674666666666,
EOH2155,10.432896103896098,194.03735064935086,101.2681558441559,90.83525974025969,,549.4118787878792,
EOH1662,63.60553333333333,1483.7979999999993,503.5473333333334,439.9418000000003,,4393.304066666666,
EOH0568,30.962,3658.437266666667,1372.0135333333333,1341.051533333333,,,
EOH0226,77.16459999999998,4523.695999999999,1684.0782000000002,1530.6506,76.263,,
EOH0346,16.761000000000003,7844.274000000001,2328.8673999999996,2157.548399999999,154.55799999999994,,
EOH2586,130.08033333333333,8212.272733333333,2505.4646666666667,2346.3893333333335,28.99500000000002,,
EOH0391,25.9668,2162.6890000000003,823.9024666666667,797.9356666666665,,,
EOH2035,17.669000000000015,1488.882,559.1559333333333,526.0758000000001,15.411133333333343,,
EOH0144,13.383399999999995,2692.718999999999,1233.3899333333334,1060.0019333333337,160.00460000000004,,
EOH0810,155.39573333333334,6836.3853333333345,2219.1655333333338,2042.3918000000003,21.377999999999986,,
EOH3128,4.909999999999999,5204.860933333333,1980.3988666666667,1975.4888666666666,,,
EOH1703,71.7878,6019.1505333333325,2377.1705333333334,2086.1277333333337,97.46900000000001,,121.786
EOH2578,0.0,7309.845600000001,2452.5072666666665,2413.0475333333334,39.45973333333333,,
EOH0233,22.27773333333334,6668.161133333334,2108.3810000000003,2086.103266666667,,,
EOH2342,0.0,4398.298999999999,1650.2872666666663,1610.4432666666667,39.843999999999994,,
EOH1893,0.0,4735.3299333333325,1311.0740666666668,1311.0740666666663,,,
EOH3048,61.67126666666667,2238.414266666666,1458.763,1397.0917333333327,0.0,,
EOH0227,34.66,7339.9969999999985,2865.0332000000008,2830.373200000001,,,
EOH1663,8.100999999999999,3718.049,1300.1529333333333,1292.0519333333334,,,
EOH0031,37.4418,7508.4466666666685,2721.7644666666665,2684.3226666666674,,,
EOH2168,4.628066666666667,9935.534466666664,3525.748266666667,3521.1202000000003,,,
EOH0033,79.79493333333333,4573.716799999997,1910.6896666666669,1830.8947333333338,,,
EOH0999,6.383999999999999,3232.715,972.7557333333335,926.4097333333334,39.961999999999975,,
EOH2630,220.19123333333334,5899.266266666665,1866.6263333333336,1637.2021,9.232999999999997,,
EOH3062,64.3636666666667,1259.911466666667,551.0673333333336,486.7036666666668,,3412.835266666668,
EOH1891,41.06634285714286,3757.444466666667,1116.2291904761905,1075.1628476190474,0.0,,
EOH0231,86.52893333333336,6084.943866666665,2602.6296,2410.3604666666665,105.74020000000002,,
EOH0543,8.457999999999998,8589.0584,2830.9595333333336,2822.501533333333,,,
EOH1852,213.80613333333332,7491.697999999999,2485.978066666666,2246.454933333333,25.71699999999999,,
EOH2397,120.24073333333334,924.8969999999999,683.2770666666664,563.0363333333332,,3374.4579999999996,
EOH3089,234.3006,6634.427599999999,2288.348266666667,1994.3126666666667,59.734999999999985,,
EOH2988,21.748466666666666,2339.1742666666664,825.3088,803.5603333333332,,,
EOH0184,0.0,6112.919624999999,2312.9737999999998,2305.014,7.959800000000001,,
EOH0185,61.77453333333334,1665.1222666666677,751.5778666666668,689.8033333333333,,1642.2459047619052,
EOH0813,0.0,4864.477,2302.667,2300.999,0.0,,1.6680000000000001
EOH2751,13.175266666666667,6060.430333333334,1632.3779999999997,1619.202733333333,0.0,,
EOH1502,40.10846666666667,7505.257466666665,2724.3627333333334,2684.2542666666664,,,
EOH2584,160.79261818181817,3847.7099999999996,1643.2131333333334,1387.050515151515,95.37,,
EOH1700,10.583000000000002,3991.2799999999997,1430.3213333333329,1384.9683333333323,34.76999999999998,,
EOH0218,0.0,5359.0958666666675,1546.431066666667,1546.431066666667,,,
EOH1660,166.2616,6960.493,2103.3620666666666,1909.8784666666663,27.222,,
EOH0026,67.28873333333334,6948.734399999999,2576.0738666666666,2473.9131333333335,34.87200000000001,,
EOH1304,63.0608,5157.395533333333,1904.9954000000002,1819.6936000000005,22.241000000000007,,
EOH2619,40.33600000000001,5083.140533333333,1659.7471999999998,1619.4111999999998,,0.0,
EOH1377,62.864666666666665,2440.2903333333334,1119.6659333333341,1032.179266666667,24.622000000000014,,
EOH0069,62.1428,2565.0863333333336,1001.8761333333334,939.7333333333332,,2683.678466666667,
EOH1411,6.5979333333333345,6110.2705333333315,2508.5099333333337,2501.9120000000003,,,
EOH1363,48.73413333333332,7520.866200000001,2476.280266666666,2427.5461333333333,,,
EOH0082,16.909999999999997,4231.1939999999995,2295.8450666666668,2278.9350666666664,0.0,,
EOH0257,69.39933333333336,2526.613933333333,1465.7352000000003,1350.7088666666664,45.626999999999995,,
EOH1175,279.5242666666667,8136.355,3152.716066666667,2873.1918,0.0,,
EOH2468,63.05653333333334,3758.109200000001,1538.8952,1440.8976666666672,34.94100000000003,,
EOH1834,0.0,6307.979866666667,2850.784266666667,2699.8968666666665,149.48406666666665,,1.4033333333333378
EOH2483,0.0,7381.980533333332,1910.3012,1886.1602000000003,24.141,,
EOH2497,72.1730666666667,3907.7672000000002,1346.2198,1274.0467333333336,,,
EOH2252,112.34126666666667,7908.178933333332,2739.3874,2626.215133333333,0.8310000000000031,,
EOH3158,153.1242,10817.4614,3857.214266666666,3662.9960666666666,41.093999999999994,,
EOH2508,63.12586666666667,5781.173399999999,2196.0472,2109.467333333334,23.454,,
EOH0121,0.004,3453.4900000000007,1240.4468666666673,1240.4428666666672,0.0,,
EOH0690,0.0,4128.0589999999975,1617.9740666666667,1614.6980666666668,3.2760000000000105,,0.0
EOH2079,9.698,6001.933999999999,2222.871,2213.1730000000002,,,
EOH1570,0.0,674.5013333333332,316.5190000000001,316.5190000000001,,3215.3363333333327,
EOH0652,0.0,7880.627000000001,2349.0152666666677,2215.6612666666683,133.35399999999998,,
EOH2045,72.88613333333333,944.623133333333,594.5578,521.6716666666667,,3791.504533333332,
EOH0487,0.0,4548.186999999999,1910.3107999999997,1832.5862666666667,77.72453333333331,,
EOH1000,53.898066666666665,762.9889999999999,383.31093333333325,329.4128666666666,,2577.9031333333337,
EOH2333,76.36926666666665,5925.407466666666,2085.5205333333333,1947.9392666666665,61.212,,
EOH0530,13.405000000000001,7716.622999999996,2218.2144000000008,2198.603399999999,6.206000000000003,,
EOH1404,0.0,5742.725999999999,2337.340466666666,2292.2554666666665,45.084999999999994,,
EOH2125,79.2986,4806.285000000001,1775.7312666666662,1696.4326666666666,0.0,,
EOH0732,33.624266666666685,6094.6483333333335,1846.2195333333339,1812.5952666666665,,,
EOH2133,85.3373333333333,3345.168466666667,1316.954666666667,1209.087333333333,22.529999999999987,,
EOH1406,15.261,4697.887999999999,1318.0004000000004,1274.6784000000005,28.060999999999993,,
EOH2682,7.271,6326.1166,1947.0224833333336,1916.1134833333335,23.638000000000034,,
EOH0240,43.361,6716.971,2312.672866666667,2269.311866666667,,,
EOH2325,12.54,3021.5689999999995,993.1297333333337,980.5897333333335,,,
EOH2523,10.597000000000005,3915.0010000000007,1303.5186666666668,1260.7226666666663,32.199,,
EOH2537,0.0,3138.688,1115.1856000000002,950.1646000000004,90.85600000000002,,74.16500000000002
EOH3167,0.0,6378.581666666665,2638.6103333333326,2452.4663333333338,186.144,,
EOH1764,0.0,8512.516133333334,2347.533933333333,2318.5629333333336,28.971000000000004,,
EOH0491,0.0,8791.101400000001,3367.1734666666666,3367.1734666666666,,12518.8344,
EOH1566,26.046600000000012,591.5551999999998,251.32853333333355,225.2819333333332,,2114.8189333333326,
EOH2052,60.93166666666667,4463.485200000001,1597.6089333333334,1536.6772666666668,,,
EOH0645,116.78326666666668,806.2950000000001,647.3070000000001,530.5237333333333,,3575.2170000000006,
EOH2734,53.072,6187.531000000001,1831.8099333333334,1770.0699333333334,8.668000000000003,,
EOH0889,0.0,2165.986333333334,899.4427999999998,882.3047999999998,17.137999999999998,,
EOH0490,15.346357142857144,4861.0197857142875,1709.6502095238095,1694.3038523809523,,,
EOH1003,27.163000000000004,6321.957,1953.4611333333335,1926.2981333333332,,1.0999999999999996,
EOH2278,0.0,4081.116333333333,1672.457466666666,1653.3506666666667,19.106800000000003,,
EOH2244,103.56513333333334,9286.2916,3220.715800000001,3117.1506666666664,0.0,,
EOH0335,58.5612,5026.228333333334,1837.2402666666667,1778.6790666666666,,,
EOH0094,102.72920000000002,8624.318,2292.0836666666664,2189.354466666667,0.0,,
EOH3204,66.97133333333333,6629.719999999999,2785.4755333333333,2659.2772,59.227000000000004,,
EOH1365,26.371866666666666,3948.884066666667,1418.6307333333332,1392.2588666666666,,,
EOH0709,123.55619999999999,4263.3722,1779.5424666666665,1644.4412666666667,11.545000000000002,,
EOH0047,64.71273333333333,9061.2036,3425.9524,3361.2396666666673,,,
EOH2888,27.346800000000005,3781.8622000000005,1386.9777999999997,1312.2330000000002,47.39800000000001,,
EOH0279,14.044999999999998,4595.5,1197.295266666667,1154.3452666666667,28.904999999999987,,
EOH3016,55.809,5895.642266666668,2401.672933333333,2345.863933333335,,,
EOH2308,46.953599999999994,6194.903133333333,1938.6922666666665,1891.738666666667,,171.836,
EOH0245,0.0,1170.8013333333324,393.77953333333323,393.77953333333323,,2231.2025999999996,
EOH2320,25.205866666666665,6650.312,3618.1726,3483.084733333332,109.882,,
EOH1629,42.867,7542.738333333333,2750.509866666667,2707.642866666667,0.0,,
EOH0286,12.619600000000004,5891.267266666666,1696.3131333333333,1683.6935333333333,,,
EOH1826,0.0,9301.038333333334,2731.6985999999997,2704.6326,27.066000000000003,,0.0
EOH3176,57.38694999999999,1541.2246833333338,750.1135999999998,692.7268666666665,,4639.566984615385,
EOH2283,21.52999999999999,4889.698,1992.2754,1954.1663999999994,16.579,,
EOH0494,72.72066666666667,4262.854666666666,1595.7745333333332,1494.720866666667,28.333,,
EOH0655,0.0,6419.700133333333,2517.6722,2517.6722,0.0,,
EOH0683,0.0,3307.6191333333336,1405.4819333333332,1405.4819333333332,,18793.441742857143,
EOH2094,8.172199999999998,5341.535533333333,2068.6228666666666,2060.4506666666666,,,
EOH0697,91.9456,3894.5790666666667,1262.2370000000003,1148.8724,21.418999999999997,,
EOH0126,0.0,4785.173866666665,1839.8737333333331,1805.830733333333,34.043000000000006,,
EOH0668,28.373866666666668,5664.439666666665,1579.8707333333334,1551.4968666666666,,,
EOH3188,155.49133333333333,5298.5988,1965.7974666666664,1734.1421333333337,76.164,,
EOH1947,73.76400000000001,4532.381533333333,1679.261066666667,1590.1890666666666,15.307999999999964,,
EOH0495,120.2058,10028.084000000003,3971.4942666666675,3851.2884666666664,,,
EOH1953,13.846099999999993,317.3722166666662,150.76563333333343,136.92003333333332,,655.9210940170933,
EOH2255,19.446799999999996,5384.4248000000025,1858.0559999999996,1838.6092000000003,,,
EOH0324,82.94953333333333,4430.003999999999,1585.9727333333335,1503.0232,0.0,,
EOH2241,60.28346666666666,5129.618533333332,1596.0936,1535.8101333333332,,,
EOH3177,111.94086666666666,7809.959466666667,3109.4066666666677,2961.5188000000007,35.94700000000001,,
EOH2484,319.0529333333334,7067.750533333334,2627.7784,2172.3604666666665,136.365,,
EOH3003,129.074,10248.471266666667,3275.4508000000005,3146.3768,,,
EOH1614,149.23639999999997,3890.434,1402.1313333333328,1230.126933333333,22.768,,
EOH1166,20.48207142857143,2256.7952523809527,833.3849714285715,812.9029000000003,,,
EOH2686,86.52213333333333,5215.0038,1246.5922,1160.0700666666667,,,
EOH0091,40.31713333333333,5173.4592,1520.979333333333,1480.6622,,,
EOH2679,48.1228,9180.890533333331,2402.3450666666677,2320.6272666666678,33.595,,
EOH1416,25.404,7564.78,2531.1969999999997,2505.792999999999,,226.21020000000016,
EOH1414,59.86913333333332,802.2170000000001,537.5012666666667,477.6321333333333,,2549.6518666666666,
EOH1366,69.94173333333333,10173.923999999999,2565.6625999999997,2489.9018666666666,5.819,,
EOH1400,0.0,6658.433999999999,1896.3478,1843.5988000000007,52.749,,
EOH1602,9.734733333333335,13139.681400000001,5038.984533333333,4994.562800000001,34.687,,
EOH0534,56.47073333333333,11176.518800000003,3713.2968666666657,3653.535133333333,3.291000000000004,,
EOH2531,132.22313333333335,4192.601333333334,2597.704066666666,2430.350933333333,35.13000000000001,,
EOH0859,42.33226666666664,5040.792866666668,1913.0238666666664,1843.9116000000001,26.780000000000086,,
EOH2097,156.10046666666668,7332.550200000001,2587.9089333333322,2378.5224666666663,53.285999999999994,,
EOH0119,144.2434,3395.4086,1236.3564,1051.5149999999999,40.598,,
EOH1944,0.0,5013.0599999999995,1574.3813333333335,1555.0613333333333,19.319999999999986,,
EOH0333,32.446666666666665,1959.151866666667,709.3492666666665,652.5897333333331,24.312866666666665,,
EOH2524,25.871066666666664,7896.528666666668,2866.569266666667,2840.6982000000003,,,
EOH3148,29.97433333333332,611.0562333333332,325.1322,295.1586166666664,,1711.6580999999996,
EOH1777,0.0,4529.734999999998,1789.272066666667,1789.272066666667,0.0,,
EOH1818,114.96253333333334,4837.471000000001,1477.0182666666665,1334.4007333333332,27.655,,
EOH2450,34.9482,11306.172933333335,4018.5730666666664,3983.624866666666,,,
EOH3000,154.20953333333333,6894.887599999998,3069.302200000001,2870.9286666666676,44.16399999999997,,
EOH0737,0.0,5267.896666666667,2415.8678000000004,2232.4578,183.41,,
EOH0079,21.319999999999993,5113.540999999999,1331.7431333333332,1226.4361333333331,83.98700000000001,,
EOH1415,77.15706666666668,5121.279333333332,1856.2274000000002,1764.839333333333,14.230999999999998,,
EOH2887,61.68066666666667,6696.971733333332,2419.9671333333326,2358.2864666666665,,,
EOH0276,52.760733333333334,3640.0780666666665,1490.2309999999998,1390.5492666666669,46.920999999999985,,
EOH1154,138.41413333333338,4419.441199999999,1610.0495333333338,1471.6354000000001,0.0,,
EOH1183,24.61959999999999,1577.1239999999998,833.6042666666667,699.9766666666666,109.00799999999995,,
EOH0470,72.882,5836.256999999998,1605.3656666666668,1508.5746666666666,23.909,,
EOH3151,42.718266666666665,4018.7708666666676,1412.8839333333333,1344.5866666666668,25.578999999999994,,
EOH3186,0.0,12702.221000000001,4227.745866666667,4193.917866666667,33.827999999999996,,
EOH0896,17.888266666666667,6613.951733333333,2111.808866666667,2074.7766,19.143999999999984,,
EOH0699,66.33466666666668,1608.6298666666669,854.0468666666666,787.7121999999999,,3439.119819047618,
EOH2058,332.0274666666666,2295.023066666667,1450.0982666666669,1118.0708,,4888.8481999999985,
EOH2716,15.506,4509.420999999999,1546.6453333333332,1527.5553333333335,3.584000000000003,,
EOH1753,139.57279999999997,8724.978466666667,3409.124733333332,2617.550933333334,652.0009999999997,,
EOH2448,0.0,4820.191600000002,1607.676933333334,1607.676933333334,0.0,,
EOH0539,11.207,2815.0599999999995,1021.0394000000001,1009.8323999999999,,,
EOH1633,67.77699999999999,3004.231,1679.1361333333334,1600.6971333333333,10.662,,
EOH2306,6.582133333333332,3829.848266666667,1803.046933333333,1796.4647999999997,,,
EOH2689,80.16826666666668,6955.3646,2438.705466666667,2320.6202000000003,37.916999999999994,,
EOH0934,0.0,6855.575999999999,2471.528733333333,2436.9257333333326,34.602999999999994,,
EOH2892,69.0598,1456.478066666667,692.6748666666667,623.6150666666665,,4361.828599999999,
EOH0075,98.0256,929.1201333333336,573.6869095238094,475.66133809523814,,2513.7394000000004,
EOH0063,74.64779999999999,4247.393333333333,1504.0099333333335,1410.3241333333337,19.038000000000004,,
EOH0922,22.2468,5789.8502,1984.9848666666671,1962.7380666666666,,,
EOH2847,67.104,973.8202000000001,486.47293333333323,419.3689333333332,,4863.5457333333325,
EOH0467,9.303999999999998,2152.1310000000003,796.4084,719.0703999999998,68.03399999999999,,
EOH0329,62.628,1922.7625999999998,756.798,682.4628666666667,11.707133333333335,,
EOH2714,0.0,4008.467999999999,1774.319966666666,1461.1259666666665,252.81699999999955,,60.37699999999998
EOH2728,52.54450952380952,1250.9897666666666,677.0981857142858,624.5536761904762,,1731.48360952381,
EOH0856,66.8004,7380.188,2429.663333333333,2348.334933333333,14.527999999999995,,
EOH0857,25.235533333333336,5041.0496,1675.7274666666667,1650.4919333333337,,,
EOH0102,139.7967333333333,7377.111666666666,2491.1927333333333,2351.3959999999997,0.0,,
EOH1977,0.0,7010.076,2286.970133333334,2255.2191333333335,31.751000000000005,,
EOH2488,52.845,8881.482,2904.679466666667,2851.834466666667,,,
EOH0248,10.085999999999999,4811.633,1597.6011333333336,1555.508133333334,32.00700000000002,,
EOH1426,177.73206666666667,8472.424333333332,2642.5832666666665,2464.8512000000005,0.0,,
EOH0258,55.541,3861.1230000000005,763.4824000000001,707.9413999999999,,2194.448,
EOH2329,10.192000000000002,4569.637000000001,1963.6263999999999,1831.0174,122.417,,
EOH0516,27.070999999999998,7781.8409999999985,2065.2049333333343,2007.0679333333337,31.06599999999999,,
EOH1191,60.876833333333344,711.9585999999999,425.99920000000003,365.12236666666655,,2121.1723333333334,
EOH2739,30.454066666666677,6902.625400000001,2628.494866666667,2598.0408000000007,,,
EOH2922,0.0,10080.719400000002,4446.885533333333,4446.885533333334,0.0,,
EOH2088,59.199,3141.4050666666676,1283.6556,1192.6255999999998,31.831000000000003,,
EOH2512,32.269800000000004,8630.403400000001,3065.1816,3032.9118000000003,,0.0,
EOH0311,170.73553333333334,7722.307466666665,3843.3313999999996,3622.4538666666667,50.14200000000001,,
EOH0073,128.4667333333333,4708.6244,1444.6081333333332,1297.6073999999999,18.533999999999992,,
EOH0067,13.346000000000004,3572.2659999999996,1175.8293333333338,1135.0633333333337,27.42000000000001,,
EOH2128,58.497533333333365,4661.4567333333325,1775.2834666666665,1700.3259333333333,16.459999999999997,,
EOH2672,20.7238,5944.9527333333335,2014.549533333333,1952.4407333333334,41.385000000000005,,
EOH0065,10.433,3603.999266666666,1080.9275333333335,1070.4945333333337,,,
EOH0930,57.672000000000004,1456.772,785.1885571428571,727.5165571428571,,4396.638999999999,
EOH0501,19.372000000000003,5128.738000000001,1859.4410666666668,1840.0690666666667,,,
EOH1186,123.0348,7569.676933333334,2376.067266666667,2253.0324666666666,,,
EOH2510,0.0,4908.640266666665,2066.2311333333328,1972.6511333333333,93.57999999999998,,
EOH1019,54.912400000000005,851.2411333333334,330.9228666666668,276.01046666666673,,3156.6048,
EOH2504,0.0,3949.7919999999986,1409.0696000000003,1354.6736,54.39599999999999,,
EOH1794,0.0,8486.377933333333,2960.3266,2960.3266,,12452.91826190476,
EOH0105,98.01013333333336,4922.7429999999995,1650.304200000001,1504.154066666667,48.139999999999986,,
EOH2049,171.27766666666668,5066.518733333334,2430.3198666666667,2173.6582000000017,85.3839999999999,,
EOH3196,13.842999999999996,4706.606,1321.216466666667,1265.8924666666667,41.48100000000001,,
EOH1018,13.413133333333334,5370.250000000001,2072.885866666667,2059.4727333333335,,,
EOH3141,0.0,2910.9794666666676,1149.070133333333,1149.070133333333,,6754.8674,
EOH1839,141.35966666666667,4511.095333333335,1655.8853333333334,1493.030666666667,21.494999999999997,,
EOH2303,37.97379999999999,3082.022933333333,1087.266,1049.2921999999999,,,
EOH3035,42.83800000000001,3827.6349999999993,1585.9105333333334,1543.072533333334,,,
EOH2868,44.87853333333333,8034.538999999999,2600.603266666667,2555.724733333333,,,
EOH0702,0.0,4195.455,1672.3619333333334,1529.241933333334,143.12,,
EOH2101,23.311,7838.528,3160.5550666666677,3029.628066666667,107.616,,
EOH1346,155.88386666666668,6703.89009090909,2652.5881333333346,2438.3642666666674,58.339999999999996,,
EOH2166,0.0,3172.858000000001,1174.968933333334,1132.9479333333331,42.02099999999999,,
EOH0003,57.34266666666667,4077.0180666666665,1575.9541333333334,1459.7434666666666,58.867999999999995,,
EOH1484,113.51392307692308,9550.723600000001,3316.6022205128206,3203.0882974358983,,,
EOH0567,70.45746666666666,5765.230333333333,1836.5143333333333,1687.7368666666666,78.32000000000001,,
EOH2416,71.48599999999999,4464.905999999999,1456.7396666666668,1335.6626666666668,49.59100000000001,,
EOH1686,5.510466666666666,6859.078666666666,2790.536533333333,2785.026066666667,,,
EOH1725,0.0,4598.923733333334,2765.5582000000004,2680.7142,84.84400000000002,,
EOH0605,71.17673333333333,1702.017466666667,1151.7446666666667,1028.6759333333334,51.891999999999996,,
EOH0177,56.324000000000005,3526.9869999999996,1141.4664666666667,1039.0444666666672,46.098,,
EOH2953,33.1174,7379.658200000001,3374.5908666666664,3341.473466666667,0.0,,
EOH0837,147.91153333333335,5608.9846,2437.891933333334,2266.889400000001,23.091,,
EOH1254,4.340000000000002,4810.1810000000005,1582.6246102564103,1578.2846102564097,,,
EOH2007,100.265,3611.046,1084.2972,971.4022000000001,12.629999999999995,,
EOH1042,44.18926666666667,5940.558133333332,1830.3777999999993,1786.188533333333,,,
EOH2205,119.51200000000003,1510.2800000000007,909.1203333333333,789.6083333333329,,4235.583000000002,
EOH2577,99.92573333333333,9838.056133333332,3472.785866666666,3372.860133333333,0.0,,
EOH1718,143.48833333333334,6098.378399999999,2425.9581333333326,2253.6808,28.789,,
EOH2359,43.09541666666668,2782.7436333333335,797.0760333333335,749.5076166666665,4.472999999999999,,
EOH1888,82.208,2650.135,879.0701333333332,766.3331333333334,30.528999999999996,,
EOH0943,32.79653333333333,5188.837066666668,1383.444866666667,1350.6483333333335,,,
EOH0957,166.5596666666667,12595.216,4195.815199999999,3952.9165333333335,76.33899999999996,,
EOH1446,55.17406666666667,7496.400333333331,1892.5406666666665,1837.3666000000003,,,
EOH1334,12.691000000000003,1577.255,678.137733333333,510.8728181818183,13.19789610389611,,
EOH0764,48.202933333333334,3966.580266666669,1225.2907333333333,1158.6278000000002,18.46,,
EOH2167,61.2972,3165.8609999999985,1192.9886,1131.6913999999997,,1416.1662000000001,
EOH0766,12.9928,3781.3566,1238.2687999999998,1225.2760000000003,,,
EOH0570,39.814600000000006,96.26819999999998,107.56659999999988,67.75200000000007,,4102.896266666667,
EOH1646,135.39033333333336,4875.085999999999,1809.5782000000002,1656.176866666667,18.011000000000017,,
EOH2398,43.909066666666654,1862.034466666667,688.5292666666667,628.7032000000002,15.916999999999994,,
EOH2561,90.36553333333336,4256.863000000001,1919.7446,1803.6520666666656,25.727000000000004,,
EOH2549,66.9794,5312.1014000000005,1719.7729333333336,1615.860533333333,36.933,,
EOH1097,17.56433333333333,4491.294266666668,2056.968733333333,2039.4043999999997,,,
EOH2005,60.45920952380952,1144.5580666666665,568.1334714285715,507.67426190476203,,3626.68827142857,
EOH0174,0.0,5258.424,1770.7898666666656,1761.0878666666663,9.701999999999998,,
EOH2011,64.12941666666667,5039.563683333334,1671.4347333333335,1607.305316666667,,,
EOH1530,56.39500000000001,7124.562933333333,2474.0814,2403.1704,14.516000000000002,,
EOH1242,22.404600000000002,4209.6,1502.9189333333334,1480.5143333333333,,0.005999999999999998,
EOH2788,88.08685714285713,4644.818000000001,2069.5209999999993,1744.0073076923081,237.4269999999998,,
EOH0388,140.9108,6467.242,2986.6760000000013,2805.5622000000003,27.336000000000013,,12.867
EOH1041,55.209133333333334,4714.510733333334,1549.207466666667,1461.2783333333334,32.72,,
EOH2212,48.051,2822.567,1167.079866666667,1118.041866666667,0.9870000000000001,,
EOH0411,0.0,9877.344066666667,3577.9296666666664,3577.9296666666664,0.0,,
EOH1684,61.63213333333333,2637.4056666666656,766.0668000000003,690.0946666666666,14.340000000000003,,
EOH0559,24.785333333333334,2100.939,876.1325999999997,831.9802666666666,19.367000000000004,,
EOH0571,0.0,5785.426133333334,1976.3643333333337,1976.3643333333337,,,
EOH1109,0.0,4109.343199999999,1962.7036666666668,1962.7036666666668,,,
EOH0565,15.602666666666666,2895.045800000001,1012.3720000000003,996.7693333333336,,2243.5657333333343,
EOH2602,57.14373333333334,546.6099999999993,337.2733999999999,280.12966666666676,,3926.158400000001,
EOH1327,19.622333333333334,3466.350199999999,1300.9307333333336,1281.3083999999997,,,
EOH0788,80.268,5284.4980000000005,1969.5229999999992,1718.929999999999,170.32500000000027,,
EOH1131,10.239533333333341,1639.882,558.8069999999999,548.5674666666669,,,
EOH3040,146.786,6330.580999999998,2621.0499333333323,2419.8589333333334,54.405,,
EOH3097,31.971000000000004,6857.049000000001,2614.504999999999,2436.518,146.01600000000002,,
EOH1694,0.0,536.8002666666664,394.6424666666667,394.6424666666667,,3015.0715333333337,
EOH3120,0.0,6183.907999999999,2261.6105333333335,2094.3785333333335,167.23200000000003,,
EOH2202,198.17273333333327,8944.900733333334,3228.379266666667,2998.2465333333334,31.959999999999923,,
EOH1904,109.64733333333332,9698.2146,2767.4961999999996,2644.135866666666,13.713000000000001,,
EOH1521,65.09559999999999,3677.756933333333,1340.987466666667,1258.2148666666671,17.677000000000003,,
EOH0159,0.0,2842.6009999999997,1008.3158000000001,978.3778,29.937999999999974,,
EOH0603,0.002,7154.725999999997,2384.2563333333337,2346.2113333333346,38.04300000000005,,
EOH1290,88.70159999999996,2752.2526,923.0560000000003,810.1974000000002,24.156999999999996,,
EOH2799,22.107733333333336,4487.070933333334,1458.6840666666667,1436.5763333333325,0.0,,
EOH0818,148.03866666666667,3579.437,1317.4716666666664,1150.251,19.182000000000002,,
EOH2997,162.8855333333333,6019.809333333334,1905.8392666666664,1739.9927333333335,2.9609999999999985,,
EOH3055,66.98813333333332,4042.8763333333327,1407.8604666666665,1318.3333333333333,22.539000000000016,,
EOH2808,17.409999999999997,4874.367666666667,1370.2815333333338,1352.871533333333,0.0,,
EOH0979,0.0,3866.917000000002,1230.7600000000002,1201.1080000000002,29.652000000000008,,
EOH2613,46.239999999999995,2524.282,823.2214666666669,776.9814666666666,,,
EOH0038,68.88253333333333,2359.9175999999998,1025.7039333333335,956.8214000000002,,,
EOH2149,11.551999999999996,2540.646666666666,872.7490428571429,861.1970428571428,,,
EOH2163,8.929000000000002,3242.5711428571426,1492.7621333333336,1483.833133333333,,,
EOH2177,163.24113333333332,7530.776933333334,2705.8379333333323,2483.9988000000003,58.59799999999997,,
EOH0953,0.0,4958.151466666665,1802.3026666666665,1802.3026666666665,,,
EOH2361,9.802733333333336,7196.423933333334,2057.3289999999997,2047.5262666666667,,,
EOH0562,78.91646666666668,11637.692266666667,3648.7976666666664,3569.8812000000003,,,
EOH1873,0.0,4385.751866666667,1230.1688,1204.9778000000001,25.190999999999995,,
EOH1708,60.887866666666675,1811.4961999999996,785.8391999999999,724.9513333333337,,2758.955733333334,
EOH0166,104.86986666666661,3679.664066666667,1472.1159333333326,1367.2460666666666,0.0,,
EOH2017,115.87973333333336,5011.773866666667,1769.3936666666668,1653.5139333333332,,0.09499999999999975,
EOH0172,58.02579999999999,7635.6084,2604.9655333333335,2546.9397333333345,,,
EOH1251,24.414266666666663,5252.635,1854.8520666666668,1830.4377999999997,0.0,,
EOH2980,25.425666666666665,2875.7679999999996,1035.418358974359,1009.9926923076921,,,
EOH2994,135.95493333333332,5761.110266666666,2799.2054000000007,2627.2724666666672,35.977999999999994,,
EOH2214,65.608,4241.052000000001,1486.0248000000001,1398.1108000000002,22.305999999999997,,
EOH3122,123.50300000000001,7501.061999999996,2725.069533333334,2547.6615333333325,53.90500000000003,,
EOH1872,0.0,6465.189399999999,2085.2386000000015,2085.2386000000015,,,
EOH2412,45.368599999999994,382.79200000000003,234.94266666666658,189.57406666666668,,3027.2210666666665,
EOH0577,71.17126666666668,2683.6944,1227.8229333333336,1156.6516666666666,,3627.184535714286,
EOH2837,83.81906666666664,3907.9322666666667,1421.842,1338.022933333333,,,
EOH0991,18.126266666666666,4872.0808,1991.1455333333336,1953.8682666666673,19.15100000000001,,
EOH0749,82.05539999999999,2569.6195333333326,991.3005999999999,909.2452000000001,,4916.858,
